[
  {
    "id": "ROM",
    "name": "Rome",
    "country": "Italy",
    "countryCode": "IT",
    "currency": "EUR",
    "description": "Rome is Italy's capital, famous for ancient ruins like the Colosseum and Vatican City. A city blending history, art, and vibrant street life.",
    "imageUrl": "/assets/destinations/rome.jpg",
    "type": "city",
    "region": "Europe",
    "mood": ["history", "culture", "food"]
  },
  {
    "id": "NAP",
    "name": "Naples",
    "country": "Italy",
    "countryCode": "IT",
    "currency": "EUR",
    "description": "Naples is a lively city near the sea, known for its pizza, historic streets, and proximity to Pompeii and the Amalfi Coast.",
    "imageUrl": "/assets/destinations/naples.jpg",
    "type": "city",
    "region": "Europe",
    "mood": ["food", "culture", "history"]
  },
  {
    "id": "ALG",
    "name": "Alghero",
    "country": "Italy",
    "countryCode": "IT",
    "currency": "EUR",
    "description": "Alghero is a charming Sardinian town with Catalan influence, beautiful beaches, and a picturesque old town surrounded by medieval walls.",
    "imageUrl": "/assets/destinations/alghero.jpg",
    "type": "city",
    "region": "Europe",
    "mood": ["nature", "culture", "beach"]
  },
  {
    "id": "NYC",
    "name": "New York",
    "country": "United States",
    "countryCode": "US",
    "currency": "USD",
    "description": "New York City is a dynamic metropolis famous for its skyline, Broadway theaters, Central Park, and iconic landmarks like the Statue of Liberty.",
    "imageUrl": "/assets/destinations/newyork.jpg",
    "type": "city",
    "region": "North America",
    "mood": ["city-life", "culture", "food"]
  },
  {
    "id": "LON",
    "name": "London",
    "country": "United Kingdom",
    "countryCode": "GB",
    "currency": "GBP",
    "description": "London is a vibrant city known for its museums, historical landmarks like the Tower of London, and multicultural neighborhoods.",
    "imageUrl": "/assets/destinations/london.jpg",
    "type": "city",
    "region": "Europe",
    "mood": ["culture", "history", "city-life"]
  },
  {
    "id": "BCN",
    "name": "Barcelona",
    "country": "Spain",
    "countryCode": "ES",
    "currency": "EUR",
    "description": "Barcelona is a Mediterranean city famous for Gaudi's architecture, beaches, rich cuisine, and lively street culture.",
    "imageUrl": "/assets/destinations/barcelona.jpg",
    "type": "city",
    "region": "Europe",
    "mood": ["culture", "food", "city-life"]
  },
  {
    "id": "COT",
    "name": "Côte d'Azur",
    "country": "France",
    "countryCode": "FR",
    "currency": "EUR",
    "description": "The Côte d'Azur, or French Riviera, offers glamorous beaches, charming towns like Nice and Cannes, and stunning Mediterranean scenery.",
    "imageUrl": "/assets/destinations/coteazur.jpg",
    "type": "region",
    "region": "Europe",
    "mood": ["beach", "nature", "luxury"]
  },
  {
    "id": "NZ",
    "name": "New Zealand",
    "country": "New Zealand",
    "countryCode": "NZ",
    "currency": "NZD",
    "description": "New Zealand offers breathtaking landscapes from mountains to beaches and fjords, perfect for adventure, hiking, and nature exploration.",
    "imageUrl": "/assets/destinations/newzealand.jpg",
    "type": "country",
    "region": "Oceania",
    "mood": ["nature", "adventure", "culture"]
  },
  {
    "id": "VN",
    "name": "Vietnam",
    "country": "Vietnam",
    "countryCode": "VN",
    "currency": "VND",
    "description": "Vietnam is known for its rich culture, vibrant street food, lush landscapes, and historic cities like Hanoi and Ho Chi Minh City.",
    "imageUrl": "/assets/destinations/vietnam.jpg",
    "type": "country",
    "region": "Asia",
    "mood": ["culture", "food", "nature"]
  },
  {
    "id": "PUN",
    "name": "Punta Cana",
    "country": "Dominican Republic",
    "countryCode": "DO",
    "currency": "DOP",
    "description": "Punta Cana is a tropical paradise with stunning beaches, resorts, and clear waters, ideal for relaxation and water sports.",
    "imageUrl": "/assets/destinations/puntacana.jpg",
    "type": "city",
    "region": "North America",
    "mood": ["beach", "nature", "relaxation"]
  },
  {
    "id": "VAN",
    "name": "Vancouver",
    "country": "Canada",
    "countryCode": "CA",
    "currency": "CAD",
    "description": "Vancouver blends urban life with nature, surrounded by mountains and the Pacific Ocean, perfect for city lovers and outdoor enthusiasts.",
    "imageUrl": "/assets/destinations/vancouver.jpg",
    "type": "city",
    "region": "North America",
    "mood": ["nature", "city-life", "adventure"]
  },
  {
    "id": "TOR",
    "name": "Toronto",
    "country": "Canada",
    "countryCode": "CA",
    "currency": "CAD",
    "description": "Toronto is a bustling city near the Niagara Falls, offering culture, shopping, and multicultural cuisine.",
    "imageUrl": "/assets/destinations/toronto.jpg",
    "type": "city",
    "region": "North America",
    "mood": ["culture", "city-life", "nature"]
  },
  {
    "id": "KUL",
    "name": "Kuala Lumpur",
    "country": "Malaysia",
    "countryCode": "MY",
    "currency": "MYR",
    "description": "Kuala Lumpur is a modern city known for the Petronas Towers, bustling markets, and rich cultural diversity.",
    "imageUrl": "/assets/destinations/kualalumpur.jpg",
    "type": "city",
    "region": "Asia",
    "mood": ["culture", "city-life", "food"]
  },
  {
    "id": "SAR",
    "name": "Sarajevo",
    "country": "Bosnia and Herzegovina",
    "countryCode": "BA",
    "currency": "BAM",
    "description": "Sarajevo is a historic city where cultures meet, with Ottoman and Austro-Hungarian architecture, and a vibrant street life.",
    "imageUrl": "/assets/destinations/sarajevo.jpg",
    "type": "city",
    "region": "Europe",
    "mood": ["history", "culture", "food"]
  }
]
